Agency,URL,2.0 Score,Target URL (First instance only)
C3,https://automobilemagazine.com.tr/renault-turkiyede-ilk-kez-suruculer-icin-en-populer-otomobil-markasi/,20%,https://www.comparethemarket.com/car-insurance/content/
C3,https://hot995.iheart.com/featured/hoody/content/2021-04-18-these-ten-video-games-increase-your-heart-rate-the-most/,44%,https://www.comparethemarket.com/broadband/content/top-heart-racing-games-ranked/
C3,https://invisioncommunity.co.uk/ten-video-games-guaranteed-to-give-you-an-adrenaline-boost/,39%,https://www.comparethemarket.com/broadband/content/top-heart-racing-games-ranked/
C3,https://manualdosgames.com/pesquisa-jogos-que-mais-acelera-o-coracao/,11%,https://www.comparethemarket.com/
C3,https://moneyweek.com/personal-finance/mortgages/603033/the-return-of-the-95-mortgage-whats-available-and-how-much-they,61%,https://www.comparethemarket.com/mortgages/
C3,https://techprincess.it/top-10-giochi-adrenalinici/,33%,https://www.comparethemarket.com/broadband/content/top-heart-racing-games-ranked/
C3,https://techreforma.com/real-estate/eye-tracking-software-reveals-what-buyers-focus-on-most-when-touring-a-home-and-how-you-can-use-it-to-your-advantage/,0%,https://www.comparethemarket.com/mortgages/content/what-buyers-look-for-in-a-property/
C3,https://thelastofus.com.br/noticias/estudo-aponta-que-the-last-of-us-e-o-jogo-que-mais-deixa-o-coracao-acelerado/,19%,https://www.comparethemarket.com/broadband/content/top-heart-racing-games-ranked/
C3,https://tr.motor1.com/news/502398/t%C3%BCrkiye-ilk-otomobil-tercihi/,54%,https://www.comparethemarket.com/car-insurance/content/
C3,https://vidmid.com/news/the-ten-video-games-guaranteed-to-give-you-an-adrenaline-boost?uid=252872,19%,https://www.comparethemarket.com/
C3,https://www.buzz.ie/entertainment/the-ten-video-games-guaranteed-to-give-you-an-adrenaline-boost-427800,44%,https://www.comparethemarket.com/
C3,https://www.crisalidepress.it/fiat-la-preferita-dagli-italiani/,23%,https://www.comparethemarket.com/
C3,https://www.dailyrecord.co.uk/lifestyle/money/lockdown-savings-for-future-needs-23882802,74%,https://www.comparethemarket.com/
C3,https://www.discoverev.co.uk/features/how-might-evs-be-taxed-in-future,23%,https://www.comparethemarket.com/car-insurance/content/how-does-black-box-insurance-work/
C3,https://www.fleetnews.co.uk/news/fleet-industry-news/2021/04/26/fleets-warned-as-lockdown-fuels-catalytic-converter-thefts,62%,https://www.comparethemarket.com/car-insurance/content/catalytic-converter-thefts/
C3,https://www.fleetpoint.org/fleet-management-2/fleets-warned-as-lockdown-fuels-thefts-of-catalytic-converters/?web=1&wdLOR=c780B3A12-CF75-4D1A-8A94-6EF43C57C165,33%,https://www.comparethemarket.com/car-insurance/content/catalytic-converter-thefts/
C3,https://www.floraldaily.com/article/9312125/vertical-gardens-allotments-and-raised-flower-beds-leading-gardening-trends-of-2021/,44%,https://www.comparethemarket.com/home-insurance/content/top-gardening-trends-2021/
C3,https://www.gqitalia.it/tech-auto/article/videogiochi-10-titoli-che-aumentano-il-battito-cardiaco,57%,https://www.comparethemarket.com/
C3,https://www.mummypages.co.uk/baby-on-the-way-these-are-the-top-10-uk-destinations-perfect-for-a-babymoon,33%,https://www.comparethemarket.com/
C3,https://www.northwalespioneer.co.uk/news/19212967.conwy-second-best-destination-babymoon-says-comparethemarket-com/,37%,https://www.comparethemarket.com/travel-insurance/content/top-babymoon-destinations-uk/
C3,https://www.redonline.co.uk/interiors/easy-to-steal-ideas/a36285106/summer-garden-trends-2021/,53%,https://www.comparethemarket.com/
C3,https://www.techtudo.com.br/noticias/2021/04/the-last-of-us-e-o-jogo-que-mais-acelera-coracao-do-jogador-diz-estudo.ghtml,66%,https://www.comparethemarket.com/broadband/content/top-heart-racing-games-ranked/
C3,https://www.thegamer.com/top-10-most-heart-pounding-games-study/,41%,https://www.comparethemarket.com/broadband/content/top-heart-racing-games-ranked/
C3,https://www.theolivepress.es/spain-news/2021/04/20/kids-these-days-luxury-car-brand-audi-is-the-most-popular-for-first-time-drivers-in-spain/,45%,https://www.comparethemarket.com/
C3,https://www.traveldailynews.com/post/top-10-uk-staycations-for-a-babymoon,71%,https://www.comparethemarket.com/travel-insurance/content/top-babymoon-destinations-uk/
C3,https://www.vovogatu.com.br/2021/04/the-last-of-us-e-o-jogo-que-mais.html,8%,https://www.comparethemarket.com/broadband/content/top-heart-racing-games-ranked/
C3,https://www.dailypost.co.uk/whats-on/family-kids-news/most-popular-uk-babymoon-destinations-20484596,61%,https://www.comparethemarket.com/travel-insurance/content/top-babymoon-destinations-uk/
C3,https://www.birminghammail.co.uk/news/midlands-news/uk-dog-owners-warned-face-20569169,61%,https://www.comparethemarket.com/home-insurance/content/dog-proof-your-home/
C3,https://www.gamebyte.com/heres-what-your-favourite-game-characters-should-look-like-based-on-their-age/,35%,https://www.comparethemarket.com/broadband/content/gaming-characters-aged/
C3,https://www.gamevicio.com/noticias/2021/04/pesquisa-revela-os-10-jogos-que-mais-acelera-os-batimentos-cardiacos-dos-jogadores/,38%,https://www.comparethemarket.com/broadband/content/top-heart-racing-games-ranked/
C3,https://es.digitaltrends.com/videojuego/juegos-que-aceleraran-tu-frecuencia-cardiaca/,53%,https://www.comparethemarket.com/broadband/content/top-heart-racing-games-ranked/
C3,https://www.techradar.com/news/energy-bills-only-one-in-six-tariffs-are-available-for-smart-meter-households,92%,https://www.comparethemarket.com/energy/
C3,https://www.express.co.uk/finance/personalfinance/1436430/savings-accounts-interest-rates-uk-children-saving-account-child,82%,https://www.comparethemarket.com/savings-accounts/content/pocket-money-earnings/
C3,https://www.wapcar.my/bm/kawasan-paling-berkuman-dalam-kereta-%E2%80%93-lebih-kotor-berbanding-tandas-5794,42%,https://www.comparethemarket.com/car-insurance/content/how-clean-is-your-car/
C3,https://www.techradar.com/uk/news/218000-uk-households-face-an-average-pound280-rise-in-their-energy-bills,92%,https://www.comparethemarket.com/
C3,https://www.express.co.uk/entertainment/films/1435217/James-Bond-No-Time-To-Die-Top-Gun-2-Mission-Impossible-7-Black-Widow-2021-movies-cinemas,82%,https://www.comparethemarket.com/
C3,https://www.fool.co.uk/mywallethero/your-money/learn/pocket-money/,71%,https://www.comparethemarket.com/savings-accounts/content/pocket-money-earnings/
C3,https://www.companionlife.co.uk/dog-owners-to-fork-out-2464-80-on-day-care-services-when-return-to-work/,24%,https://www.comparethemarket.com
C3,https://www.thesun.co.uk/money/15013272/martin-lewis-moneysavingexpert-sky-warning-contract/,82%,https://www.comparethemarket.com/
C3,https://www.business-money.com/announcements/nearly-half-of-brits-want-a-better-work-life-balance-and-to-fulfil-their-career-aspirations/,30%,https://www.comparethemarket.com/life-insurance/content/how-covid-impacted-bucket-list/
C3,http://intravelreport.blogspot.com/2021/05/bucket-list-britain-lockdown-has-over.html,10%,https://www.comparethemarket.com/life-insurance/content/how-covid-impacted-bucket-list/
C3,https://www.fenews.co.uk/press-releases/68093-nearly-half-of-brits-want-a-better-work-life-balance-and-to-fulfil-their-career-aspirations-as-we-step-out-of-lockdown,45%,https://www.comparethemarket.com/life-insurance/content/how-covid-impacted-bucket-list/
C3,https://www.yourdog.co.uk/the-your-dog-blog/doggy-day-care-services-to-cost-owners-over-2k-once-they-head-back-to/,41%,https://urldefense.proofpoint.com/v2/url?u=https-3A__www.comparethemarket.com_home-2Dinsurance_content_dog-2Dproof-2Dyour-2Dhome_&d=DwMFaQ&c=euGZstcaTDllvimEN8b7jXrwqOf-v5A_CdpgnVfiiMM&r=0HO--SU3Ponvt8aCTMukWlS3o9EQzA7GjZBh2GiqP3NzPsaliwU2CrHD5InZViDu&m=VYZTOGAsCrCmqQoxth1QiMG4KMm0Gr05y1s1CrBoyFA&s=Tkj16W54GLLBc9qkjWIAOCK7zF6RPryeRMqnc1sTr3w&e=
C3,https://www.traveldailynews.com/post/bucket-list-britain-the-lockdown-has-over-a-third-of-us-planning-their-very-first-bucket-list,66%,https://www.comparethemarket.com/life-insurance/content/how-covid-impacted-bucket-list/
C3,https://workplaceinsight.net/living-life-to-the-full-as-we-step-out-of-lockdown/,29%,https://www.comparethemarket.com/life-insurance/content/how-covid-impacted-bucket-list/
C3,https://www.westwaleschronicle.co.uk/blog/2021/05/19/achieving-better-work-life-balance-at-the-top-of-brits-bucket-lists-as-we-step-out-of-lockdown/,14%,https://www.comparethemarket.com/life-insurance/content/how-covid-impacted-bucket-list/
Digital Loft,http://www.technologijos.lt/n/technologijos/automobiliai_ir_motociklai/S-88609/straipsnis/Paaiskejo-kokiais-elektromobiliais-Lietuvos-ir-kitu-saliu-zmones-internete-domisi-labiausiai---vienoje-salyje-pirmauja-Renault-Twizy,57%,https://www.comparethemarket.com/car-insurance/content/most-searched-electric-vehicle/
Digital Loft,https://blog.evuniverse.io/the-ev-universe-weekly-momentum-27/,11%,https://www.comparethemarket.com/car-insurance/content/most-searched-electric-vehicle/
Digital Loft,https://clickpetroleoegas.com.br/tesla-model-3-e-model-x-se-tornam-os-carros-eletricos-mais-procurados-do-mundo/,36%,No Link
Digital Loft,https://elektrickevozy.cz/clanky/top-10-nejvyhledavanejsich-elektromobilu-na-svete-tesla-je-jasna-jednicka,31%,https://www.comparethemarket.com/car-insurance/content/most-searched-electric-vehicle/
Digital Loft,https://es.motor1.com/news/504039/coches-electricos-mas-populares-internet/,54%,https://www.comparethemarket.com/car-insurance/content/most-searched-electric-vehicle/
Digital Loft,https://executiveacademy.at/de/universitaet/studieren-in-wien,41%,https://www.comparethemarket.com/energy/content/europes-greenest-capital-cities/
Digital Loft,https://insideevs.com/news/501079/tesla-model3-most-searched-ev/,61%,https://www.comparethemarket.com/car-insurance/content/most-searched-electric-vehicle/
Digital Loft,https://invisioncommunity.co.uk/from-assassins-creed-to-the-witcher-these-are-the-longest-games-to-complete/,39%,https://www.comparethemarket.com/
Digital Loft,https://olhardigital.com.br/2021/04/16/carros-e-tecnologia/model-3-e-model-x-da-tesla-sao-os-carros-eletricos-mais-procurados-no-google-em-todo-o-mundo/,47%,https://www.comparethemarket.com/
Digital Loft,https://themanc.com/news/manchester-is-the-most-expensive-place-to-park-in-the-uk-according-to-new-research/,26%,https://www.comparethemarket.com/car-insurance/content/parking-postcode-lottery/
Digital Loft,https://www.bristolpost.co.uk/news/bristol-news/bristol-among-cities-highest-rates-5350443,58%,https://www.comparethemarket.com/car-insurance/content/catalytic-converter-thefts/
Digital Loft,https://www.cfnewsimmo.net/L-actualite/L-OEil-de-la-redaction/Un-Mipim-a-Cannes-en-septembre-le-Palais-du-Louvre-pour-2-8-Md-Pershing-Hall,26%,https://www.comparethemarket.com/mortgages/content/cost-of-royal-homes/
Digital Loft,https://www.coloradohomesmag.com/the-most-popular-home-renovation-project/,55%,https://www.comparethemarket.com/home-insurance/content/renovation-nation/
Digital Loft,https://www.edinburghnews.scotsman.com/news/transport/pricey-permits-edinburgh-and-glasgow-rank-in-top-five-for-most-expensive-average-cost-of-parking-permits-in-the-uk-3221457,0%,https://www.comparethemarket.com/car-insurance/content/parking-postcode-lottery/
Digital Loft,https://www.electronicsweekly.com/news/business/cyber-crime-6-watch-emails-texts-email-2021-04/,51%,https://www.comparethemarket.com/money/content/online-fraud-report/
Digital Loft,https://www.farsight.co.uk/blog/surge-in-catalytic-converter-theft-attempts-continues/,39%,https://www.comparethemarket.com/car-insurance/content/catalytic-converter-thefts/
Digital Loft,https://www.newsbomb.gr/bombplus/aytokinhto/story/1173286/meionetai-i-dimotikotita-tis-ferrari,77%,https://www.comparethemarket.com/car-insurance/content/car-brand-popularity/
Digital Loft,https://www.onlineev.com/the-tesla-model-3-is-the-most-searched-ev-in-the-world/,23%,https://www.comparethemarket.com/car-insurance/content/most-searched-electric-vehicle/
Digital Loft,https://www.scotsman.com/news/transport/pricey-permits-edinburgh-and-glasgow-rank-in-top-five-for-most-expensive-average-cost-of-parking-permits-in-the-uk-3221457,60%,https://www.comparethemarket.com/car-insurance/content/parking-postcode-lottery/
Digital Loft,https://www.techbyte.sk/2021/04/top-10-elektromobilov-vitaz/,44%,https://www.comparethemarket.com/car-insurance/content/most-searched-electric-vehicle/
Digital Loft,https://www.teslarati.com/tesla-model-3-model-x-google-most-searched-evs/,62%,https://www.comparethemarket.com/car-insurance/content/most-searched-electric-vehicle/
Digital Loft,https://www.housewaresnews.net/uk-consumers-prioritise-kitchen-renovations/,26%,https://www.comparethemarket.com/
Digital Loft,https://www.fool.co.uk/mywallethero/mortgages/learn/the-uk-cities-that-could-save-the-most-and-least-from-solar-panels/,71%,https://www.comparethemarket.com/
Digital Loft,https://www.fleetnews.co.uk/news/fleet-industry-news/2021/04/26/fleets-warned-as-lockdown-fuels-catalytic-converter-thefts,61%,https://www.comparethemarket.com/car-insurance/content/catalytic-converter-thefts/
Digital Loft,https://londonnewstime.com/british-cities-that-can-save-the-most-and-the-least-from-solar-panels/266765/,30%,//www.comparethemarket.com/
Digital Loft,https://www.planet.fr/retraite-retraite-dans-quels-pays-dure-t-elle-le-plus-longtemps.2199780.687329.html,53%,https://www.comparethemarket.com/life-insurance/content/retirement-days/
Digital Loft,https://www.fleetpoint.org/fleet-management-2/fleets-warned-as-lockdown-fuels-thefts-of-catalytic-converters/,32%,https://www.comparethemarket.com/car-insurance/content/catalytic-converter-thefts/
Digital Loft,https://www.expressen.se/sport/e-sport/overraskningen-i-listan-over-de-svaraste-spelen/,89%,https://www.comparethemarket.com/broadband/content/hardest-video-games-revealed/
Digital Loft,https://www.stablevehiclecontracts.co.uk/blog/catalytic-converter-theft-is-on-the-rise-how-to-prevent-it,34%,https://www.comparethemarket.com/car-insurance/content/catalytic-converter-thefts/
Digital Loft,https://www.pleinevie.fr/retraite-travail/retraite/classement-dans-quels-pays-la-retraite-dure-t-elle-plus-longtemps-29757,46%,https://www.comparethemarket.com/life-insurance/content/retirement-days/
Digital Loft,https://psychologues-paris11.fr/blog-lire-les-dernieres-articles-sur-le-site-psychologues-paris-11/classement-dans-quels-pays-la-retraite-dure-t-elle-plus-longtemps/,9%,https://www.comparethemarket.com/life-insurance/content/retirement-days/
iProspect,http://news.houseladder.co.uk/news/top-20-best-places-to-invest-as-a-landlord-new-league-table/,24%,no link
iProspect,https://www.landlordtoday.co.uk/breaking-news/2021/4/top-20-best-places-to-invest-as-a-landlord--new-league-table?source=newsticker,46%,no link
iProspect,https://www.whatmortgage.co.uk/news/buy-to-let/top-20-best-places-to-be-a-landlord-in-the-uk/,22%,https://www.comparethemarket.com/home-insurance/content/rental-insurance-for-landlords/
iProspect,https://www.thelandsite.co.uk/articles/top-20-places-to-invest-as-a-landlord-revealed,0%,https://www.comparethemarket.com/home-insurance/content/rental-insurance-for-landlords/
PR Team,https://www.independent.co.uk/life-style/uk-adults-restaurant-bill-poll-b1839505.html,87%,https://eur02.safelinks.protection.outlook.com/?url=http%3A%2F%2Fcomparethemarket.com%2F&data=04%7C01%7CEleanor.Sly%40independent.co.uk%7C8780555ce81949efd2e708d90ae28952%7C0f3a4c644dc54a768d4152d85ca158a5%7C0%7C0%7C637552791306574107%7CUnknown%7CTWFpbGZsb3d8eyJWIjoiMC4wLjAwMDAiLCJQIjoiV2luMzIiLCJBTiI6Ik1haWwiLCJXVCI6Mn0%3D%7C3000&sdata=pVa70FNk2Udpl8S0O7JXHd9M8iNdfrxzB%2F43t1R0p6s%3D&reserved=0
PR Team,https://www.express.co.uk/life-style/life/1429721/britons-friends-family-bill-settle-meal-research,82%,https://www.comparethemarket.com/
PR Team,https://www.falkirkherald.co.uk/read-this/nation-divided-over-how-to-settle-a-bill-after-a-meal-out-with-friends-and-family-3219600,0%,https://www.comparethemarket.com/
PR Team,https://www.swnsdigital.com/2021/04/brits-are-split-on-how-to-settle-the-restaurant-bill-after-a-meal-with-friends-and-family/,42%,https://www.comparethemarket.com/
PR Team,https://www.dailyrecord.co.uk/lifestyle/money/broadband-april-price-hikes-23875291,72%,https://www.comparethemarket.com/broadband/
PR Team,https://www.belfastlive.co.uk/whats-on/shopping/penalty-points-send-car-insurance-20374222,0%,https://www.comparethemarket.com/car-insurance/content/how-long-points-stay-on-licence/
PR Team,https://www.whitehavennews.co.uk/news/national/uk-today/19229618.simple-mistake-costing-hundreds-car-insurance/,0%,https://www.comparethemarket.com/car-insurance/content/how-long-points-stay-on-licence/
PR Team,https://www.thesun.co.uk/money/14585069/pub-restaurants-deals-april-12-beefeater-zizzi-mcdonalds/,24%,https://www.comparethemarket.com/customer-rewards/
PR Team,https://www.thisismoney.co.uk/money/bills/article-9465327/Energy-bills-Households-set-costs-rise-hundreds-pounds.html,64%,https://www.comparethemarket.com/energy/this-is-money/?src=EW59
PR Team,https://www.themoneypages.com/insurance/contents-insurance-spotlight-stay-home-order-fails-deter-burglars/,43%,https://www.comparethemarket.com/home-insurance/
PR Team,https://www.stylist.co.uk/news/housing/government-low-deposit-mortgage-guarantee-scheme/511308,28%,https://www.comparethemarket.com/mortgages/
PR Team,https://www.techregister.co.uk/online-mortgage-calculators-work-out-how-much-you-can-borrow/,0%,https://www.comparethemarket.com/mortgages/mortgage-calculator/
PR Team,https://www.lovemoney.com/news/110480/mortgage-guarantee-scheme-95-mortgage-deposit-borrowers,59%,no link
PR Team,https://www.midhurstandpetworth.co.uk/read-this/millions-of-brits-n45ow-have-a-weekly-takeaway-as-they-try-to-make-their-evenings-and-weekends-more-exciting-with-chinese-and-indian-topping-the-list-of-favourites-3173690,0%,no link
PR Team,https://www.mirror.co.uk/news/uk-news/brits-split-how-settle-restaurant-24008320,0%,no link
PR Team,https://www.yourmoney.com/household-bills/britains-electricity-system-hits-new-greenest-ever-level/,29%,no link
PR Team,https://www.yourmoney.com/insurance/young-adults-most-likely-to-claim-on-home-insurance/,67%,no link
PR Team,https://www.yourmortgage.co.uk/insurance/young-adults-most-likely-to-claim-on-insurance/,52%,no link
PR Team,https://www.yourmortgage.co.uk/news/dont-make-this-home-insurance-mistake-4/,47%,no link
PR Team,https://www.thesun.co.uk/news/14972675/brits-plan-meal-restaurants-pub-open-indoors/,97%,http://comparethemarket.com/
PR Team,https://www.express.co.uk/entertainment/films/1435107/james-bond-no-time-to-die-cinema-june,82%,http://comparethemarket.com/
PR Team,https://www.bromsgroveadvertiser.co.uk/news/national/uk-today/19271182.brits-divided-settle-bill-meal-family-friends/,0%,http://comparethemarket.com/
PR Team,https://www.theboltonnews.co.uk/news/national/uk-today/19271182.brits-divided-settle-bill-meal-family-friends/,0%,http://comparethemarket.com/
PR Team,https://www.thesun.co.uk/news/15060254/good-neighbours-friend-survey/,95%,http://comparethemarket.com/
PR Team,https://gamingideology.com/2021/05/13/james-bonds-no-time-to-die-britons-eagerly-await-cinema-releases/,24%,http://comparethemarket.com/
PR Team,https://metro.co.uk/2021/05/14/what-to-expect-when-cinemas-reopen-and-must-see-movies-to-check-out-14584653/,84%,http://comparethemarket.com/
PR Team,https://metro.co.uk/2021/05/14/holidays-2021-everything-you-need-to-consider-before-booking-pcr-tests-insurance-and-more-14547992/,84%,http://comparethemarket.com/
PR Team,https://www.thesun.co.uk/news/14929606/cinemas-reopen-brits-reveal-must-see-films/,84%,http://comparethemarket.com/
PR Team,https://asumetech.com/james-bonds-no-time-to-die-britons-hotly-await-cinema-outgoings/,31%,http://comparethemarket.com/
PR Team,https://www.mirror.co.uk/news/uk-news/brits-planning-make-up-lost-24120790,83%,http://comparethemarket.com/
PR Team,https://www.mycelebritylife.co.uk/travel/everything-to-consider-before-booking-a-holiday-pcr-tests-insurance-and-more/,39%,http://comparethemarket.com/
PR Team,https://www.express.co.uk/life-style/life/1440919/britain-neighbours-next-door-friends-study,94%,http://comparethemarket.com/
PR Team,https://www.yourthurrock.com/2021/05/12/meerkat-movies-offer-set-to-return/,32%,http://comparethemarket.com/
PR Team,https://www.dailystar.co.uk/news/latest-news/britain-nation-good-neighbours-many-24180238,86%,http://comparethemarket.com/
PR Team,https://www.dailystar.co.uk/news/latest-news/list-films-brits-most-excited-24092614,76%,http://comparethemarket.com/
PR Team,https://www.thefancarpet.com/movie_news/1-in-4-brits-plan-to-return-to-cinemas-as-meerkat-movies-welcomes-back-2-for-1-tickets-as-cinemas-in-the-uk-get-set-to-reopen/,36%,http://www.comparethemarket.com
PR Team,https://www.mirror.co.uk/news/uk-news/james-bond-top-gun-mission-24094821,95%,http://www.comparethemarket.com/
PR Team,https://www.gazettelive.co.uk/news/uk-world-news/218000-households-see-energy-bills-20569347,0%,https://www.comparethemarket.com/autosergei/
PR Team,https://www.thesun.co.uk/money/14929511/martin-lewis-warns-bill-payers-switch-energy-deals-save/,95%,https://www.comparethemarket.com/autosergei/
PR Team,https://www.insurtechdigital.com/digital-strategy/going-electric-produces-cheaper-car-insurance-premiums,38%,https://www.comparethemarket.com/car-insurance/content/electric-car/
PR Team,https://www.westsussextoday.co.uk/lifestyle/cars/paying-the-penalty-how-much-points-on-your-licence-add-to-insurance-bills-3239338,0%,https://www.comparethemarket.com/car-insurance/content/how-long-points-stay-on-licence/
PR Team,https://www.thesun.co.uk/money/14857228/martin-lewis-tool-car-insurance-saving-job-title/,95%,https://www.comparethemarket.com/car-insurance/content/premiums-v-professions/
PR Team,https://www.techregister.co.uk/martin-lewis-clever-tool-to-help-save-hundreds-of-pounds-on-your-car-insurance-by-tweaking-your-job-title/,0%,https://www.comparethemarket.com/car-insurance/content/premiums-v-professions/
PR Team,https://www.thesun.co.uk/money/14958408/deals-discounts-freebies-chains-offering-may-17/,97%,https://www.comparethemarket.com/customer-rewards/
PR Team,https://www.mirror.co.uk/money/parents-couples-can-2-1-24206140,95%,https://www.comparethemarket.com/customer-rewards/meerkat-meals/
PR Team,https://www.thesun.co.uk/money/9640197/meerkat-movies-meerkat-meals-cinema-2/,95%,https://www.comparethemarket.com/customer-rewards/meerkat-movies/
PR Team,https://www.themoneypages.com/household-bills/energy-bills-smart-meters-smart-cost/,23%,https://www.comparethemarket.com/energy/
PR Team,https://www.fool.co.uk/mywallethero/consumer-fear-how-it-affects-trading-and-how-to-limit-its-impact/,71%,https://www.comparethemarket.com/media-centre/news/households-financial-impact-from-covid/
PR Team,https://www.mirror.co.uk/news/uk-news/typical-brit-knows-five-neighbours-24185495,95%,https://www.comparethemarket.com/money/bills-calculator/ENDS
PR Team,https://www.yourmoney.com/household-bills/warnings-raised-over-energy-bill-shock-for-thousands/,50%,No link 
PR Team,https://www.yourmoney.com/household-bills/are-your-household-bills-higher-than-next-doors/,50%,No link 
PR Team,https://www.deadlinenews.co.uk/2021/05/25/charging-phones-is-equivalent-to-nearly-two-billion-passengers-travelling-on-a-bullet-train-research-news-scotland/,0%,No link 
PR Team,https://www.yourmoney.com/insurance/sharp-drop-in-car-insurance-costs/,50%,No link 
PR Team,https://www.futurenetzero.com/?post_type=post&p=222110,32%,No link - just a tag on domain
Reddico,http://digitalcitizenship.wqsb.qc.ca/parent-resources/,21%,https://www.comparethemarket.com/broadband/content/screen-usage-guide/
Reddico,http://micehub.port.ac.uk/understanding-screen-addiction-during-covid-19/,29%,https://www.comparethemarket.com/
Reddico,http://www.boothroydprimaryacademy.co.uk/wellbeing/parent-support-for-mental-health-issues/,18%,https://www.comparethemarket.com/broadband/content/screen-usage-guide/
Reddico,http://www.defyingmentalillness.com/strategies-for-coping-with-screen-addiction/,21%,https://www.comparethemarket.com/broadband/content/screen-usage-guide/
Reddico,http://www.familyguidetomentalhealth.com/understanding-screen-addiction/,23%,https://www.comparethemarket.com/broadband/content/screen-usage-guide/
Reddico,http://www.gbul.org/k-12-resources.html,26%,https://www.comparethemarket.com/broadband/content/screen-usage-guide/
Reddico,http://www.msprojectstart.org/resources,29%,https://www.comparethemarket.com/broadband/content/screen-usage-guide/
Reddico,http://www.whalearts.co.uk/resource-support-for-mental-health-and-wellbeing/,24%,https://www.comparethemarket.com/broadband/content/screen-usage-guide/
Reddico,http://www.williamhardingschool.co.uk/onlineesafety,20%,https://www.comparethemarket.com/broadband/content/screen-usage-guide/
Reddico,https://bbbstampabay.org/resources-bigs-little-families-covid-19/,27%,https://www.comparethemarket.com/broadband/content/screen-usage-guide/
Reddico,https://blog.coastline.edu/guide-to-screen-addictions-and-responsible-digital-use,40%,https://www.comparethemarket.com/broadband/content/screen-usage-guide/
Reddico,https://districtadministration.com/coronavirus-free-teaching-resources-free-education-services-covid-19/,56%,https://www.comparethemarket.com/broadband/content/screen-usage-guide/
Reddico,https://drcbeds.org.uk/news/useful-links-during-the-coronavirus-crisis-for-benefits-grants-help-with-paying-bills-paying-rent-mortgages-and-more/,24%,https://www.comparethemarket.com/energy/content/energy-saving-tips/
Reddico,https://fisd.oxfordshire.gov.uk/kb5/oxfordshire/directory/service.page?id=1rT37NkY9Rs,41%,https://www.comparethemarket.com/broadband/content/screen-usage-guide/
Reddico,https://frontapp.com/blog/screen-time-challenge,44%,https://www.comparethemarket.com/broadband/content/screen-usage-guide/
Reddico,https://ipausa.org/2021/04/28/guide-to-screen-addictions-and-responsible-digital-use/,25%,https://www.comparethemarket.com/broadband/content/screen-usage-guide/
Reddico,https://klinefeltersyndrome.org/other-diseases-conditions-and-resources/miscellaneous-resources/,30%,https://www.comparethemarket.com/broadband/content/screen-usage-guide/
Reddico,https://kscs.ca/story/psychological-resources-parents,19%,https://www.comparethemarket.com/broadband/content/screen-usage-guide/
Reddico,https://lcon.org.uk/energy/affordable-warmth-no-cost-or-low-cost-energy-saving-measures/,17%,https://www.comparethemarket.com/energy/content/energy-saving-tips/
Reddico,https://livewell.oxfordshire.gov.uk/Services/5231,31%,https://www.comparethemarket.com/broadband/content/screen-usage-guide/
Reddico,https://mountcarmelhigh.co.uk/parent-pupils/e-safety,20%,https://www.comparethemarket.com/broadband/content/screen-usage-guide/
Reddico,https://rganm.org/teens-and-gambling/,27%,https://www.comparethemarket.com/broadband/content/screen-usage-guide/
Reddico,https://ruralcoffeecaravan.org.uk/noticeboard/#health,21%,https://www.comparethemarket.com/broadband/content/screen-usage-guide/
Reddico,https://scottishcare.org/covid-19-useful-resources/,39%,https://www.comparethemarket.com/broadband/content/screen-usage-guide/
Reddico,https://staidansprimaryschool.org.uk/curriculum/e-learning-home-learning/,25%,https://www.comparethemarket.com/broadband/content/screen-usage-guide/
Reddico,https://treuk.com/what-is-tre/,23%,https://www.comparethemarket.com/broadband/content/screen-usage-guide/
Reddico,https://wadslib.com/covid-19-resources/,19%,https://www.comparethemarket.com/broadband/content/screen-usage-guide/
Reddico,https://webgrammar.com/topics/education/,38%,https://www.comparethemarket.com/broadband/content/screen-usage-guide/
Reddico,https://www.aee.org/community-resource-library#mental,41%,https://www.comparethemarket.com/broadband/content/screen-usage-guide/
Reddico,https://www.asdhelpinghands.org.uk/lets-get-positive/,28%,https://www.comparethemarket.com/broadband/content/screen-usage-guide/
Reddico,https://www.ashmoleacademy.org/page/?title=Online+Safety&pid=67,26%,https://www.comparethemarket.com/broadband/content/screen-usage-guide/
Reddico,https://www.barbaracole.com/resources,21%,https://www.comparethemarket.com/broadband/content/screen-usage-guide/
Reddico,https://www.bbbsmadison.org/covid-19-update-2/,29%,https://www.comparethemarket.com/broadband/content/screen-usage-guide/
Reddico,https://www.bowdoncs.org.uk/e-safety/,25%,https://www.comparethemarket.com/broadband/content/screen-usage-guide/
Reddico,https://www.careersindepth.com/resources,26%,https://www.comparethemarket.com/broadband/content/screen-usage-guide/
Reddico,https://www.carersinsouthampton.co.uk/guide-to-screen-addictions-and-responsible-digital-use,30%,https://www.comparethemarket.com/broadband/content/screen-usage-guide/
Reddico,https://www.carerswd.org/staying-safe-and-well/useful-resources/,19%,https://www.comparethemarket.com/broadband/content/screen-usage-guide/
Reddico,https://www.ccscambridge.org/resources-caregivers,28%,https://www.comparethemarket.com/broadband/content/screen-usage-guide/
Reddico,https://www.csla-aapc.ca/career-resources/covid-19-resources,38%,https://www.comparethemarket.com/broadband/content/screen-usage-guide/
Reddico,https://www.elsanetwork.org/free_resource/understanding-screen-addiction-and-responsible-digital-use/,35%,https://www.comparethemarket.com/broadband/content/screen-usage-guide/
Reddico,https://www.fairfaxcasa.org/covid19/,33%,https://www.comparethemarket.com/broadband/content/screen-usage-guide/
Reddico,https://www.healthwatchsouthampton.co.uk/news/understanding-screen-addiction-and-responsible-digital-use-which-offers-lots-of-valuable-information-such-as/,22%,https://www.comparethemarket.com/broadband/content/screen-usage-guide/
Reddico,https://www.holyfamily.coventry.sch.uk/home/curriculum/computing,34%,https://www.comparethemarket.com/broadband/content/screen-usage-guide/
Reddico,https://www.ibcr.org/en/news/covid-19-resources-to-best-handle-the-situation-with-children/,44%,https://www.comparethemarket.com/broadband/content/screen-usage-guide/
Reddico,https://www.isabc.ca/2020/05/19/useful-links-concerning-covid-19/,39%,https://www.comparethemarket.com/broadband/content/screen-usage-guide/
Reddico,https://www.isk.ac.ke/learning/counselling/counselor-resources,35%,https://www.comparethemarket.com/broadband/content/screen-usage-guide/
Reddico,https://www.marsk12.org/apps/pages/index.jsp?uREC_ID=797299&type=d&pREC_ID=1188036,36%,https://www.comparethemarket.com/broadband/content/screen-usage-guide/
Reddico,https://www.mightymessengers.org/family-resources/,34%,https://www.comparethemarket.com/broadband/content/screen-usage-guide/
Reddico,https://www.molevalley.gov.uk/home/community/climate-change-sustainability/going-green/home,47%,https://www.comparethemarket.com/energy/content/energy-saving-tips/
Reddico,https://www.mosslands.co.uk/page/?title=E%2DSafety&pid=270,29%,https://www.comparethemarket.com/broadband/content/screen-usage-guide/
Reddico,https://www.northstainley.n-yorks.sch.uk/SAP.aspx?pid=InfoForParents_en-GB,31%,https://www.comparethemarket.com/broadband/content/screen-usage-guide/
Reddico,https://www.obooko.com/blog-post/6-easy-ways-you-can-keep-your-eyes-healthy-while-reading,49%,https://www.comparethemarket.com/broadband/content/screen-usage-guide/
Reddico,https://www.patientadvocate.org/covidcare/resources/#,73%,https://www.comparethemarket.com/broadband/content/screen-usage-guide/
Reddico,https://www.powerplaynyc.org/resources/,41%,https://www.comparethemarket.com/broadband/content/screen-usage-guide/
Reddico,https://www.psa.org.uk/pages/mental-wellbeing,36%,https://www.comparethemarket.com/broadband/content/screen-usage-guide/
Reddico,https://www.roact.org/prevent-abuse,27%,https://www.comparethemarket.com/broadband/content/screen-usage-guide/
Reddico,https://www.rtmscentre.co.uk/social-media-mental-health/,27%,https://www.comparethemarket.com/broadband/content/screen-usage-guide/
Reddico,https://www.se.edu/library/government-information-resources/subject-guides/,65%,https://www.comparethemarket.com/broadband/content/screen-usage-guide/
Reddico,https://www.stclairsuperior.org/covid19-resources,24%,https://www.comparethemarket.com/broadband/content/screen-usage-guide/
Reddico,https://www.sthildasprimary.co.uk/internet-safety/#,22%,https://www.comparethemarket.com/broadband/content/screen-usage-guide/
Reddico,https://www.st-peters-burnley.lancs.sch.uk/useful-websites-for-parents/,32%,https://www.comparethemarket.com/broadband/content/screen-usage-guide/
Reddico,https://www.tabithaeve.co.uk/blogs/news/ten-tips-for-sustainable-solo-living,27%,https://www.comparethemarket.com/energy/content/energy-saving-tips/
Reddico,https://www.utahchildren.org/index.php?option=com_k2&view=item&id=1048%3Acovid-19-resources,29%,https://www.comparethemarket.com/broadband/content/screen-usage-guide/
Reddico,https://www.wellfield.lancs.sch.uk/safety-online/,31%,https://www.comparethemarket.com/broadband/content/screen-usage-guide/
Reddico,https://www.wftv.org.uk/covid-19-resources,28%,https://www.comparethemarket.com/broadband/content/screen-usage-guide/
Reddico,https://www.whgs-academy.org/parent-info/safeguarding#Online,34%,https://www.comparethemarket.com/broadband/content/screen-usage-guide/
Reddico,https://xponorth.co.uk/resources/understanding-screen-addiction-and-responsible-digital-use,26%,https://www.comparethemarket.com/broadband/content/screen-usage-guide/
Reddico,https://www.annakennedyonline.com/resources/,28%,https://www.comparethemarket.com/broadband/content/screen-usage-guide/
Reddico,https://www.bgchh.com/resources/,41%,https://www.comparethemarket.com/broadband/content/screen-usage-guide/
Reddico,https://www.drjaimefriedman.com/resources/,20%,https://www.comparethemarket.com/broadband/content/screen-usage-guide/
Reddico,https://www.collegeparentcentral.com/2021/05/college-parent-news-and-views-39/#more-13508,41%,https://www.comparethemarket.com/money/content/impact-of-covid-on-young-people/
Reddico,https://plumgroveinc.com/coronavirus-covid-19-mental-health-resources/,29%,https://www.comparethemarket.com/broadband/content/screen-usage-guide/
Reddico,https://engage.org/resources/covid-19-information-and-resources/,29%,https://www.comparethemarket.com/money/content/impact-of-covid-on-young-people/
Reddico,https://doinggoodleeds.org.uk/news/the-financial-impact-of-covid-19-on-young-people-the-top-facts-and-statistics/,32%,https://www.comparethemarket.com/money/content/impact-of-covid-on-young-people
Reddico,https://nmd.bg/en/the-financial-impact-of-covid-19-on-young-people-the-top-facts-and-statistics/,34%,https://www.comparethemarket.com/money/content/impact-of-covid-on-young-people/
Reddico,https://nhic.org.uk/why-sustainable-homes-are-the-future/,21%,https://www.comparethemarket.com/energy/content/energy-saving-tips/
Reddico,https://1space.eastsussex.gov.uk/Information/coronavirus#Finances,30%,https://www.comparethemarket.com/money/content/impact-of-covid-on-young-people/
Reddico,https://headsup.warwickshire.gov.uk/heads-up-30-april-2021/celebrating-warwickshires-family-of-schools/resource-on-understanding-screen-addiction-and-responsible-digital-use,27%,https://www.comparethemarket.com/broadband/content/screen-usage-guide/
Reddico,https://nfcym.org/resources/covid-19-2/,42%,https://www.comparethemarket.com/money/content/impact-of-covid-on-young-people/
Reddico,https://www.swanleytowncouncil.gov.uk/local-services-and-links/#,22%,https://www.comparethemarket.com/energy/content/energy-saving-tips/
Reddico,https://iheartmob.org/pages/self-care-for-people-experiencing-harassment,28%,https://www.comparethemarket.com/broadband/content/screen-usage-guide/
Reddico,https://calhum.org/covid-19-resources/,47%,https://www.comparethemarket.com/money/content/impact-of-covid-on-young-people/
Reddico,https://hopestartsheredetroit.org/covid-19-resources/health-wellness/,23%,https://www.comparethemarket.com/broadband/content/screen-usage-guide/
Reddico,https://knowledge.energyinst.org/search/record?id=115552,28%,https://www.comparethemarket.com/energy/content/energy-saving-tips/
Reddico,https://www.careerpilot.org.uk/adviser-zone/coronavirus-latest-info-for-advisers,47%,https://www.comparethemarket.com/money/content/impact-of-covid-on-young-people
Reddico,https://www.stgeorges.wirral.sch.uk/page/useful-links/33565,31%,https://www.comparethemarket.com/broadband/content/screen-usage-guide/
Reddico,https://www.sandyyong.com/resources,16%,https://www.comparethemarket.com/money/content/impact-of-covid-on-young-people/
Reddico,https://www.hillary.walsall.sch.uk/e-safety-1,28%,https://www.comparethemarket.com/broadband/content/screen-usage-guide/
Reddico,https://www.borehamwoodshul.org/welfare,28%,https://www.comparethemarket.com/broadband/content/screen-usage-guide/ 
Reddico,https://unhabitat.org/covid-19/resources,72%,https://www.comparethemarket.com/money/content/impact-of-covid-on-young-people/
Reddico,https://artisttrust.org/covid-19-response/,33%,https://www.comparethemarket.com/money/content/impact-of-covid-on-young-people/
Reddico,https://pipap.sprep.org/index.php/content/21-useful-tips-save-energy-bills-during-coronavirus,32%,https://www.comparethemarket.com/energy/content/energy-saving-tips/
Reddico,https://www.karkhana.asia/blogs/together-for-collective-resilience/,22%,https://www.comparethemarket.com/broadband/content/screen-usage-guide/
Reddico,https://icthree.org/prospective-families/resources/,10%,https://www.comparethemarket.com/broadband/content/screen-usage-guide/
Reddico,https://www.whitesborolibrary.org/computer-technology-resources/,25%,https://www.comparethemarket.com/broadband/content/screen-usage-guide/
Reddico,https://www.karjera.lu.lv/en/about-us/news/detail-view/t/66123/,34%,https://www.comparethemarket.com/money/content/impact-of-covid-on-young-people/
Reddico,https://www.kgtc.org/in-the-news.html,31%,https://www.comparethemarket.com/money/content/impact-of-covid-on-young-people/
Reddico,https://sobus.org.uk/2021/05/covid-19-its-impact-on-young-adults/,22%,https://www.comparethemarket.com/money/content/impact-of-covid-on-young-people/
Reddico,https://www.livingroomherts.org/onlineresources,32%,https://www.comparethemarket.com/broadband/content/screen-usage-guide/
Reddico,https://www.severnvaleschool.com/page/?title=Useful+Numbers+and+Contacts&pid=319,23%,https://www.comparethemarket.com/broadband/content/screen-usage-guide/
Reddico,https://adanc.org/resources/?fwp_resource_topic=technology,20%,https://www.comparethemarket.com/broadband/content/screen-usage-guide/#how-tech-has-changed
Reddico,https://www.nurtureuk.org/nurture/useful-links,32%,https://www.comparethemarket.com/money/content/impact-of-covid-on-young-people/
Reddico,https://footstep-training.com/understanding-screen-addiction/,9%,https://www.comparethemarket.com/broadband/content/screen-usage-guide/
Reddico,https://www.ascdp.bc.ca/resources/links,11%,https://www.comparethemarket.com/broadband/content/screen-usage-guide/
Reddico,https://eatcleanme.com/blogs/healthy-blog/your-smartphone-and-your-mental-health,15%,https://www.comparethemarket.com/broadband/content/screen-usage-guide/
Reddico,http://www.nicurriculum.org.uk/curriculum_microsite/financial_capability/key_stage4/resources/useful_links.asp,31%,https://www.comparethemarket.com/money/content/impact-of-covid-on-young-people/
Reddico,https://vasl.org.uk/services/my-mind-matters/my-mind-matters-useful-contacts/,21%,https://www.comparethemarket.com/broadband/content/screen-usage-guide/
Reddico,https://alissnet.com/2013/09/23/useful-resources-for-library-inductions-orientations/,12%,https://www.comparethemarket.com/money/content/impact-of-covid-on-young-people/
Reddico,https://www.fintechnorth.uk/covid-19-business-support-industry-resources/,22%,https://www.comparethemarket.com/broadband/content/screen-usage-guide/
Reddico,https://www.cascada.travel/blog/digital-detox-chile,36%,https://www.comparethemarket.com/broadband/content/screen-usage-guide/
Reddico,https://www.courseindex.com/content/how-much-will-you-earn-after-your-degree,30%,https://www.comparethemarket.com/money/content/impact-of-covid-on-young-people/
Reddico,https://www.brightclassroomideas.com/set-limits-to-students-screen-time/,27%,https://www.comparethemarket.com/broadband/content/screen-usage-guide/
Reddico,https://trauma.blog.yorku.ca/resources/,34%,https://www.comparethemarket.com/broadband/content/screen-usage-guide/
Reddico,http://www.tmore.org.uk/328/e-safety,32%,https://www.comparethemarket.com/broadband/content/screen-usage-guide/
Reddico,https://www.nami-northernvirginia.org/naminova-covid-19-resource-guide.html,28%,https://www.comparethemarket.com/money/content/impact-of-covid-on-young-people/
Reddico,https://ithriveedinburgh.org.uk/covid-19-support/support-using-digital/#,24%,https://www.comparethemarket.com/broadband/content/screen-usage-guide/
Reddico,https://www.lawscot.org.uk/members/wellbeing/wellbeing-during-the-coronavirus-outbreak/,73%,https://www.comparethemarket.com/broadband/content/screen-usage-guide/
Tug,http://automotiveblog.co.uk/2016/10/million-motorists-havent-driven-since-passing-test/,23%,https://www.comparethemarket.com/car-insurance/
Tug,https://www.blenheimchalcot.com/koodoo-launch-mortgage-payment-holiday-tool/,35%,https://www.comparethemarket.com/mortgages/
Tug,https://blogs.salford.ac.uk/salford-graduate-life/top-10-cash-hacks-to-extend-your-student-discounts-after-graduation/,47%,https://www.comparethemarket.com/customer-rewards/meerkat-meals/
Tug,https://www.borrowmydoggy.com/blog/2016/5/pawsome-doggy-info,42%,https://www.comparethemarket.com/pet-insurance/content/
Tug,https://metalmeyhemradio.com/2021/04/lockdown-savers-expect-to-be-cautious-with-spending-as-restrictions-ease-survey,14%,https://www.comparethemarket.com
Tug,https://classicrock961.com/the-cost-of-tv-houses-and-how-texas-home-prices-compare,52%,https://www.comparethemarket.com/mortgages/content/property-prices-in-tv-show-locations/
Tug,https://classicrock961.com/the-dirtiest-spot-in-the-car-is-worse-than-a-toilet-seat/,52%,https://www.comparethemarket.com/car-insurance/content/how-clean-is-your-car/
Tug,https://closeronline.co.uk/diet-body/diet-recipes/accidentally-vegan-foods/,45%,https://www.comparethemarket.com/car-insurance/content/cars-against-humanity/
Tug,https://www.belvoir.co.uk/articles/how-much-should-you-charge-your-adult-children-for-living-at-home,58%,https://protect-eu.mimecast.com/s/wNveC5Ro7S01203TORtWj/
Tug,https://craftguildofchefs.org/news/guess-how-long-brits-spend-deciding-where-eat-out,30%,https://www.comparethemarket.com/customer-rewards/meerkat-meals/
Tug,https://craftguildofchefs.org/news/olympia-london-host-seventh-vegfestuk-london,30%,https://www.comparethemarket.com/car-insurance/content/cars-against-humanity/
Tug,https://craftguildofchefs.org/news/theos-creates-new-vegan-options,30%,https://www.comparethemarket.com/car-insurance/content/cars-against-humanity/
Tug,https://www.crawleyobserver.co.uk/news/transport/this-street-is-crawleys-top-spot-for-parking-charges-as-figures-show-council-raked-in-ps256000-last-year-3107208,38%,https://www.comparethemarket.com/car-insurance/content/parking-fine-capitals/
Tug,https://www.cswbroadband.org.uk/about-broadband/frequently-asked-questions/,28%,https://www.comparethemarket.com/broadband/
Tug,https://www.douglasbaderfoundation.com/useful-links/travel-insurance-and-coronavirus-2-compare-the-market/,21%,https://www.comparethemarket.com/travel-insurance/content/corona-virus/
Tug,https://www.eatonmanor.co.uk/terms-and-conditions/,29%,https://www.comparethemarket.com/travel-insurance/
Tug,https://www.eatwithellen.com/2018/09/trying-out-vegan-for-size-at-wagamama-leamington-spa/,28%,https://www.comparethemarket.com/car-insurance/content/cars-against-humanity/
Tug,https://executiveacademy.at/en/university/study-in-vienna,37%,https://www.comparethemarket.com/energy/content/europes-greenest-capital-cities/
Tug,https://www.frymagazine.com/post/takeaway-lovers-play-safe-with-fish-and-chips,24%,https://www.comparethemarket.com/media-centre/news/takeaway-nation/
Tug,https://www.fuelcardservices.com/1-in-4-hgv-fleet-operators-still-not-using-telematics/,33%,https://www.comparethemarket.com/car-insurance/telematics/
Tug,https://www.fuelcardservices.com/uk-on-course-for-telematics-insurance-boom/,33%,https://www.comparethemarket.com/
Tug,https://gaincharity.org.uk/travel-insurance/,41%,https://www.comparethemarket.com/travel-insurance/medical-conditions/
Tug,https://www.gedlingeye.co.uk/news/top-spot-parking-fines-borough-revealed/,39%,https://www.comparethemarket.com/
Tug,https://www.generationstarwars.com/2017/12/,25%,https://www.comparethemarket.com/customer-rewards/meerkat-movies/
Tug,https://www.hitched.co.uk/wedding-planning/organising-and-planning/wedding-insurance/,64%,https://www.comparethemarket.com/travel-insurance/
Tug,https://www.kentlive.news/news/you-could-save-hundreds-your-1407275,48%,https://www.comparethemarket.com/
Tug,https://www.laca.co.uk/news/uk-food-plan-launches-vegan-recipe-pack-school-chefs,42%,https://www.comparethemarket.com/car-insurance/content/cars-against-humanity/
Tug,https://www.lafosse.com/blog/2018/03/disrupting-the-market,23%,https://www.comparethemarket.com/
Tug,https://www.leicestermercury.co.uk/news/leicester-news/leicester-ranked-13th-safest-place-2084728,61%,https://www.comparethemarket.com/home-insurance/content/the-uks-safest-places-to-live/#/stats?city=leicester&rank=13
Tug,https://mikeshouts.com/if-rolls-royce-made-other-vehicles/,37%,https://www.comparethemarket.com/
Tug,https://money.radiotimes.com/utilities/get-help-with-your-energy-bills/,44%,https://www.comparethemarket.com/energy/
Tug,https://www.moneyshake.com/car-leasing-guides/electric-and-hybrid-guides/electric-car-leasing-explained-2,36%,https://www.comparethemarket.com/car-insurance/content/electric-car/
Tug,https://www.moneyshake.com/shaking-news/miscellaneous/8-movie-stars-who-cant-afford-cars,36%,https://www.comparethemarket.com/car-insurance/
Tug,https://www.motordepot.co.uk/news/the-cost-of-motoring-for-rookies-just-got-cheaper,51%,https://www.comparethemarket.com/media-centre/news/cheapest-car-running-costs-for-young-people-since-2015/
Tug,https://www.mybnk.org/students/tip-5-be-a-savvy-consumer/,32%,https://www.comparethemarket.com/energy/
Tug,https://ncl.ac.uk/student-financial-support/advice/living-costs/ ,82%,https://www.comparethemarket.com/utilities/
Tug,https://www.nhg.org.uk/news/news/resident-news/save-with-london-plus-credit-union-for-an-easier-festive-season-this-year/,48%,https://www.comparethemarket.com/energy/content/switch-for-christmas/
Tug,https://www.ntu.ac.uk/jobs/working-at-ntu/international-staff-welcome/household-information,76%,https://www.comparethemarket.com/utilities/
Tug,https://www.odeon.co.uk/offers-membership/meerkat-movies/,53%,https://www.comparethemarket.com/customer-rewards/meerkat-movies/
Tug,https://www.oldham-chronicle.co.uk/news-features/139/main-news/114572/oldham-one-of-top-towns-to-hand-out-parking-fines,53%,https://www.comparethemarket.com/car-insurance/content/parking-fines/
Tug,https://www.onrec.com/news/news-archive/ambitious-graduates-kickstart-their-journey-to-be-leading-marketeers,58%,https://www.comparethemarket.com/
Tug,https://www.onrec.com/news/statistics/how-could-the-countries-with-the-most-debt-pay-it,64%,https://www.comparethemarket.com/savings-accounts/
Tug,https://www.paymentsjournal.com/10-uk-adults-cancelled-debit-credit-card-last-12-months/,51%,https://www.comparethemarket.com/credit-cards/
Tug,https://www.petrolprices.com/news/councils-pocket-millions-in-parking-fines/,40%,https://www.comparethemarket.com/media-centre/news/parking-profits-the-councils-parking-fines/
Tug,https://www.policyconnect.org.uk/research/event-summary-big-data-fintech,41%,https://www.comparethemarket.com/
Tug,https://www.prospects.ac.uk/applying-for-university/university-life/saving-money-as-a-student,78%,https://www.comparethemarket.com/current-accounts/content/student-overdrafts/
Tug,https://www.reading.gov.uk/housing/private-renting/landlord-advice/click-before-you-evict/late-payments-and-arrears/reducing-energy-bills/,63%,https://www.comparethemarket.com/energy/
Tug,https://www.rousepartners.co.uk/in-the-spotlight-october-19/,26%,https://www.comparethemarket.com/mortgages/
Tug,https://www.saxbam.com/iain-jacob-announced-as-new-chair-of-cinema-first/ ,33%,https://www.comparethemarket.com/customer-rewards/meerkat-movies/
Tug,https://showtimes.nphcinema.co.uk/page/12333/faq,28%,https://www.comparethemarket.com/customer-rewards/meerkat-movies/
Tug,https://www.smcreditunion.co.uk/first-car-cost/,29%,https://www.comparethemarket.com/car-insurance/
Tug,https://www.somersetlive.co.uk/news/how-much-bath-somerset-residents-1421951,57%,https://www.comparethemarket.com/car-insurance/content/parking-permit-lottery/
Tug,https://www.theautochannel.com/news/2020/12/04/918034-study-lists-top-5-reasons-some-adults-won-t-learn.html,66%,https://www.comparethemarket.com/
Tug,https://www.thenorthernecho.co.uk/news/18484073.stockton-top-ten-uks-electric-vehicle-charging-hotspots/,40%,https://www.comparethemarket.com/
Tug,https://www.top10films.co.uk/27345-orange-wednesdays-two-for-one-replaced-by-meerkat-movies/,26%,https://www.comparethemarket.com/customer-rewards/meerkat-movies/
Tug,https://www.uclan.ac.uk/articles/alumni-spotlight/simon-jones,63%,https://www.comparethemarket.com/
Tug,https://www.ulster.ac.uk/wellbeing/student-money-advice/funding-your-studies/postgraduate,78%,https://www.comparethemarket.com/loans/personal-loans/
Tug,https://wearetechwomen.com/portfolio/dimple-dalby-tech-lead-for-cloud-platform-and-operations-comparethemarket-com/,24%,https://www.comparethemarket.com/
Tug,https://www.you.co.uk/most-popular-takeaway-in-the-uk/,37%,https://www.comparethemarket.com/media-centre/news/takeaway-nation/
Tug,https://www.yourlocalguardian.co.uk/news/16417157.sutton-second-safest-borough-south-london-research-says/,49%,https://www.comparethemarket.com/home-insurance/content/the-uks-safest-places-to-live/#/overview?type=london
Tug,https://aberdeenshirecommunitysafety.org.uk/road_safety/telematics_car_insurance.html,22%,https://www.comparethemarket.com/car-insurance/telematics/
Tug,https://www.arthuronline.co.uk/blog/property-news/rishi-sunak-confirms-95-mortgage-guarantee-scheme-in-budget/,36%,https://www.comparethemarket.com/mortgages/content/95-mortgages/
Tug,https://www.assuredfutures.co.uk/partners-introducers/,30%,https://www.comparethemarket.com/health-insurance/
Tug,https://www.bgf.co.uk/decision-tech-sees-eight-fold-increase-mobile-revenues/,35%,https://www.comparethemarket.com/
Tug,https://bima.co.uk/councils/sustainability/,45%,https://www.comparethemarket.com
Tug,http://www.bmf.co.uk/news/show/motorcycling-definitely-not-a-midlife-crisis-and-heres-proof,55%,https://www.comparethemarket.com/motorbike-insurance/
Tug,https://bookmygarage.com/blog/rising-cost-running-car/,46%,https://www.comparethemarket.com/car-insurance/
Tug,https://www.breakerlink.com/blog/driving/the-truth-is-out-there-debunking-popular-car-insurance-myths/,50%,https://www.comparethemarket.com/car-insurance/content/premium-drivers/
Tug,https://www.bucks.ac.uk/life/fees-and-funding/financial-support-bursaries-and-scholarships/undergraduate,68%,https://www.comparethemarket.com/current-accounts/content/which-student-bank-account-should-i-choose/
Tug,https://www.centralfoods.co.uk/NewsItems/VeggiesausagesalessoarbeforeNatVegWeek/tabid/327/Default.aspx,22%,https://www.comparethemarket.com/car-insurance/content/cars-against-humanity/
Tug,https://www.choicemag.co.uk/category/enjoy_life/the_vegan_revolution,28%,https://www.comparethemarket.com/car-insurance/content/cars-against-humanity/
Tug,https://www.choicemag.co.uk/category/money_and_rights/put_the_brake_on_car_premiums,24%,https://www.comparethemarket.com/car-insurance/
Tug,https://www.cibeslift.com/gb/news/home-finance-tips-for-the-rest-of-2021/,32%,https://www.comparethemarket.com/utilities/
Tug,https://www.cinemauk.org.uk/key-issues/cinema-pricing/,35%,https://www.comparethemarket.com/customer-rewards/meerkat-movies/
Tug,https://communityfirstyorkshire.org.uk/blogs/lockdown-makes-fuel-poverty-worse/,25%,https://www.comparethemarket.com/energy/
Tug,https://www.cornishcottageholidays.co.uk/blog/a-vegan-day-out-in-st-ives/,53%,https://www.comparethemarket.com/car-insurance/content/cars-against-humanity/
Tug,https://cpa.co.uk/brexit-red-tape-business-news-250121/,39%,https://www.comparethemarket.com/media-centre/news/households-financial-impact-from-covid/
Tug,https://www.creditstrategy.co.uk/creditrisk-news/creditrisk-news/more-than-15-million-uk-renters-are-at-risk-of-losing-deposits-5277,30%,https://www.comparethemarket.com/home-insurance/content/deposit-protection-scheme/
Tug,https://creditunionsofwales.co.uk/latest-news/build-your-financial-safety-net/,24%,https://www.comparethemarket.com/utilities/
Tug,https://www.douglasbaderfoundation.com/useful-links/insurance-for-disability-cars/,21%,https://www.comparethemarket.com/car-insurance/content/disability-car/
Tug,https://www.efma.com/article/2438-buy-now-pay-later-replacing-the-credit-card-or-fintech-flash-in-the-pan,32%,https://www.comparethemarket.com/news-and-views/more-shoppers-use-buy-now-pay-later/
Tug,https://engagecustomer.com/financial-scam-committed-every-15-seconds/,30%,https://www.comparethemarket.com/credit-cards/content/latest-credit-card-fraud-scam-figures/
Tug,https://www.fenews.co.uk/press-releases/50430-a-third-of-nurseries-in-the-most-disadvantaged-areas-may-be-forced-to-close-permanently,49%,https://www.comparethemarket.com/media-centre/news/a-quarter-of-parents-voluntarily-reducing-hours-and-salary-to-better-balance-demands-of-work-and-childcare/
Tug,https://www.fintechtalents.com/past-the-moon-and-on-to-mars-ftt-bookmark-issue-3/,30%,https://www.comparethemarket.com/news-and-views/concerns-over-buy-now-pay-later-during-lockdown
Tug,https://www.fool.co.uk/mywallethero/mortgages/learn/what-does-generation-buy-mean-for-first-time-buyers/,73%,https://www.comparethemarket.com/mortgages/content/95-mortgages/
Tug,https://www.gateway978.com/gateway-response/activities/film-critic-james-king-on-must-see-films,33%,https://www.comparethemarket.com/media-centre/news/brits-plan-return-to-cinema-before-end-of-may/
Tug,https://www.hardens.com/uk-london/01-11-2018/knifed-for-the-idea-of-killing-vegans/,56%,https://www.comparethemarket.com/car-insurance/content/cars-against-humanity/
Tug,https://www.hbdonline.co.uk/news/monthly-budgeting-tips-for-new-homeowners/,29%,https://www.comparethemarket.com/energy/
Tug,https://www.iie.uk.com/green-directory/bgl-group/,28%,https://www.comparethemarket.com
Tug,https://www.keytek.co.uk/ultimate-home-security-guide/keytek-guide-to-insurance/,38%,https://www.comparethemarket.com/home-insurance/
Tug,https://laca.co.uk/news/theos-creates-new-vegan-options,36%,https://www.comparethemarket.com/car-insurance/content/cars-against-humanity/
Tug,https://www.localgov.co.uk/Insurer-compares-the-market-for-parking-fines/51706,59%,https://www.comparethemarket.com/car-insurance/content/parking-fine-capitals
Tug,https://money.radiotimes.com/news/time-for-a-financial-check-cut-your-broadband-insurance-and-energy-costs/,42%,http://comparethemarket.com
Tug,https://www.mortgagefinancegazette.com/lending-news/imla-online-activity-helps-drive-mortgage-broker-activity-14-12-2018/,20%,https://www.comparethemarket.com/mortgages/
Tug,https://www.number1plates.com/blog/how-to-lower-your-insurance-premium/,30%,https://www.comparethemarket.com/car-insurance
Tug,https://www.nutraingredients.com/Article/2018/10/03/How-to-cash-in-on-customer-reviews,50%,https://www.comparethemarket.com/car-insurance/content/cars-against-humanity/
Tug,https://www.onrec.com/news/news-archive/win-a-top-it-job-at-comparethemarketcom%E2%80%99s-%E2%80%98job-in-a-day%E2%80%99-challenge,58%,https://www.comparethemarket.com/
Tug,https://www.outandaboutlive.co.uk/motorhomes/articles/practical-advice/motorhome-finance-and-other-funding-methods,50%,https://www.comparethemarket.com/motorhome-insurance/
Tug,https://printworks-manchester.com/offers/meerkat-movies-at-vue/,28%,https://www.comparethemarket.com/customer-rewards/meerkat-movies/
Tug,https://www.propertynotify.co.uk/news/new-government-backed-95-mortgage-scheme-launches/,28%,https://www.comparethemarket.com/mortgages/content/95-mortgages/
Tug,https://www.prospects.ac.uk/jobs-and-work-experience/self-employment/how-to-start-a-business,76%,https://www.comparethemarket.com/home-insurance/
Tug,https://www.rapidtvnews.com/2021042860365/four-in-five-households-switching-to-super-fast-broadband.html#axzz6ulTnrAno,41%,https://www.comparethemarket.com/media-centre/news/broadband-switching-snapshot/
Tug,https://www.ratedpeople.com/blog/10-essential-tips-to-save-money-on-your-van-insurance,66%,https://www.comparethemarket.com/van-insurance/
Tug,https://www.sarsons.co.uk/quick-pickling,34%,https://www.comparethemarket.com/car-insurance/content/cars-against-humanity/
Tug,https://www.smart-energy.com/industry-sectors/policy-regulation/uk-domestic-energy-prices-have-tripled-in-the-last-20-years/,53%,https://www.comparethemarket.com/energy/
Tug,https://www.sowetanlive.co.za/news/south-africa/2021-02-09-is-sa-the-worlds-unhealthiest-country/,67%,https://www.comparethemarket.com/health-insurance/
Tug,https://www.sundaypost.com/fp/big-change-in-our-kitchens-as-firms-respond-to-increased-demand-going-going-vegan-research-suggests-more-scots-than-ever-are-shunning-meat-and-milk/,51%,https://www.comparethemarket.com/car-insurance/content/cars-against-humanity/
Tug,https://www.supanet.com/smart-homes-adapt-for-home-workers-a23288.html,49%,https://www.comparethemarket.com/news-and-views/millions-can-expect-shock-energy-bill/
Tug,https://tekdeeps.com/the-most-sought-after-car-brands-in-the-world-in-2020/,30%,https://www.comparethemarket.com/car-insurance/content/car-brand-popularity/
Tug,https://www.thamecars.co.uk/thame-blog/reduce-car-insurance-costs/,28%,https://www.comparethemarket.com/car-insurance/
Tug,https://www.theexeterdaily.co.uk/news/local-news-uk-news/south-west-only-region-uk-where-over-half-people-saved-during-typical,32%,http://comparethemarket.com/
Tug,https://unic-cinemas.org/fr/actualites/blog/detail/ukca-conference-2020/,23%,https://www.comparethemarket.com/customer-rewards/meerkat-movies/
Tug,https://www.visitscotland.com/about/practical-information/driving-in-scotland/,88%,https://www.comparethemarket.com/car-insurance/coronavirus/
Tug,https://www.welltodoglobal.com/veggie-pret-to-launch-in-manchester-amid-surge-in-plant-based-eating/,34%,https://www.comparethemarket.com/car-insurance/content/cars-against-humanity/
Tug,https://www.yorkshirepost.co.uk/news/crime/which-yorkshire-areas-are-safest-cities-ranked-crime-rates-ambulances-and-thunder-566214,64%,https://www.comparethemarket.com/home-insurance/content/the-uks-safest-places-to-live/#/overview
Zazzle Media ,https://www.lifestyledaily.co.uk/article/2021/04/20/five-ways-avoid-increased-debt-lockdown-ends,29%,https://www.comparethemarket.com/mortgages/remortgage-calculator/
Zazzle Media ,https://www.propertysecrets.org/index.php/2021/04/13/five-ways-to-maximise-buy-to-let-profits-in-2021/,31%,https://www.comparethemarket.com/mortgages/remortgage-calculator/
Zazzle Media ,https://www.drivearchive.co.uk/articles/article-five-ways-to-reduce-the-cost-of-car-insurance.php,28%,https://www.comparethemarket.com/car-insurance/content/car-insurance-calculator/
